<!DOCTYPE suite SYSTEM "http://testng.org/testng-1.0.dtd">
<suite name="CSMS CDM" verbose="0" parallel="tests">
	<listeners>
		<listener class-name="com.quantum.listeners.QuantumReportiumListener" />
		 <listener class-name="com.manulife.ap.listener.ListenerTest" />   
	</listeners>
	<parameter name="driver.name" value="chromeDriver" />
	<parameter name="webdriver.chrome.driver" value="C:/Users/Vikram K Dutta/Desktop/qas_workshop/src/main/resources/chromedriver.exe" />
	<parameter name="chrome.additional.capabilities" value="{'chromeOptions':{'useAutomationExtension':false}}" />
	<test name="CSMS CDM" enabled="true">
		<parameter name="env.resources" value="src/main/resources/web" />
		<groups>
			<run>
				<include name="@CreateM360E2EScenario" />
			</run>
		</groups>
		<classes>
			<class
				name="com.qmetry.qaf.automation.step.client.gherkin.GherkinScenarioFactory" />
		</classes>
	</test>
</suite>