<!DOCTYPE suite SYSTEM "http://testng.org/testng-1.0.dtd">
<suite name="Submitted PCMicro Service Testing" verbose="0" parallel="none">
	<listeners>
		<listener
			class-name="com.quantum.listerners.QuantumReportiumListener" />
	</listeners>

	<test name="Submitted PC Micro Service" enabled="true">
        <parameter name="env.resources"
			value="src/main/resources"/>
		<groups>
			<run>
				<include name="@VHISDirectSelling_Front-EndFlow"/>
				
			</run>
		</groups>
		<classes>
			<class
				name="com.qmetry.qaf.automation.step.client.gherkin.GherkinScenarioFactory"></class>
		</classes>
	</test>
</suite>