<!DOCTYPE suite SYSTEM "http://testng.org/testng-1.0.dtd">
<suite name="Appium Demo Suite" verbose="0" parallel="tests">
	<listeners>
		<listener
			class-name="com.quantum.listerners.QuantumReportiumListener" />
		<!-- <listener class-name="com.quantum.listeners.HockeyAppListener" /> -->
		<listener class-name="com.manulife.ap.listener.JiraListener" />
	</listeners>
	<parameter name="driver.name" value="perfectoDriver" />


	<!-- <parameter name="downloadLatestHockeyApp" value="true" /> -->

	<!-- <parameter name="hockeyApp.name" value="Move 5 (Android SIT)" /> -->
	<!-- <parameter name="app.upload.cloud.path" -->
	<!-- value="PUBLIC:Kulin/HockeyAppTest.apk" /> -->
	<!-- <parameter name="hockeyAppToken" -->
	<!-- value="c1055e942699489ba82ac8a824b79015" /> -->

	<parameter name="globalJiraSwitchKey" value="true" />
	<parameter name="createNewJiraTasks" value="true" />
	<parameter name="jiraHostURL"
		value="https://kulin.atlassian.net" />
	<parameter name="projectKey" value="TEST" />
	<parameter name="jiraUser" value="kulinsitwala@gmail.com" />
	<parameter name="jiraPassword"
		value="Bnlh16hNe4jIwegJXCzv3C3F" />
	<parameter name="xrayClientID"
		value="1308216C4B6E4A86BE6C737469F78B14" />
	<parameter name="xrayClientSecret"
		value="32a268617006606868dc5187ccdd8157f011df3e289321b69d31b3221e574312" />
	<parameter name="xrayHost"
		value="https://xray.cloud.xpand-it.com" />
	<parameter name="testExecutionKey" value="TEST-1" />


	<!-- <parameter name="driver.capabilities.app" -->
	<!-- value="PUBLIC:Kulin/HockeyAppTest.apk" /> -->

	<test name="IOS Calc Test" enabled="true">
		<parameter name="driver.capabilities.model" value="iPhone.*"></parameter>
		<parameter name="env.resources"
			value="src/main/resources/ios" />
		<groups>
			<run>
				<include name="@ExcelCall" />
			</run>
		</groups>
		<classes>
			<class
				name="com.qmetry.qaf.automation.step.client.gherkin.GherkinScenarioFactory" />
		</classes>
	</test>
</suite>