<!DOCTYPE suite SYSTEM "http://testng.org/testng-1.0.dtd">
<suite name="MOVE5 Hong Kong Automation Test Suite" verbose="0" parallel="tests">
    <listeners>
        <listener class-name="com.quantum.listerners.QuantumReportiumListener"/>               
    </listeners>    
       <parameter name="driver.name" value="chromeDriver" /> 
       <parameter name="webdriver.chrome.driver" value="D:/All repository/software/chromedriver.exe" />   	
	<parameter name="scenario.file.loc" value="src/main/scenarios/Android" />	
	
		
	 <test name="MOVE5 Hong Kong web Automation Test on Android" enabled="true">       
        
        <parameter name="env.resources" value="src/main/resources/web;src/main/resources/restServices" />        
					
        <groups>
            <run>          	
         
     			<include name="@MOV-HK-Android-1000" />     			 
     			       	
							                                  	            		 	                                    	            													                                                                                                                  				 				 																								
            </run>
        </groups>
        <classes>
            <class name="com.qmetry.qaf.automation.step.client.gherkin.GherkinScenarioFactory"/>
        </classes>
    </test>   
      
    
    
</suite>