<!DOCTYPE suite SYSTEM "http://testng.org/testng-1.0.dtd">
<suite name="MOVE5 VN UAT UI Automation Suite" verbose="0"
	parallel="tests">
	<listeners>
		<listener class-name="com.quantum.listeners.QuantumReportiumListener" />
		<listener class-name="com.manulife.ap.listeners.TestCaseStatusListener" />
		<!--  <listener class-name="com.quantum.listeners.HockeyAppListener"/> -->  
		<!-- <listener class-name="com.quantum.listeners.JiraListener"/> -->
		<!-- <listener class-name="com.quantum.listeners.JiraListener"/> -->

	</listeners>
<!--  Commented on DT0529
	<parameter name="downloadLatestHockeyApp" value="true" />
	<parameter name="hockeyApp.name" value="Move 5 (Android UAT)" />
	<parameter name="app.upload.cloud.path" value="PUBLIC:MOVE5/Moveuat.apk" />
	<parameter name="hockeyAppToken" value="c1055e942699489ba82ac8a824b79015" />
	<parameter name="driver.capabilities.app" value="PUBLIC:MOVE5/Moveuat.apk" />
-->

	<parameter name="driver.name" value="perfectoDriver" />

	<!-- Jira  ### Commented on DT0529
	<parameter name="globalJiraSwitchKey" value="true" />
	<parameter name="createNewJiraTasks" value="true" />
	<parameter name="jiraHostURL" value="https://jira.ap.manulife.com" />
	<parameter name="projectKey" value="MOV" />
	<parameter name="jiraUser" value="Santu_Halder@MFCGD.COM" />
	<parameter name="jiraPassword" value="Hongkong@2014" />
	<parameter name="xrayClientID" value="1308216C4B6E4A86BE6C737469F78B14" />
	<parameter name="xrayClientSecret"
		value="32a268617006606868dc5187ccdd8157f011df3e289321b69d31b3221e574312" />
	<parameter name="xrayHost" value="https://xray.cloud.xpand-it.com" />
	<parameter name="testExecutionKey" value="MOV-20340" />
-->

	<!-- Jira -->


	<parameter name="perfecto.capabilities.user" value="regionalmove_automationperfecto@manulife.com" />
	<parameter name="perfecto.capabilities.password" value="Manulife@1234" />
	<parameter name="remote.server"
		value="https://manulife-au.perfectomobile.com/nexperience/perfectomobile/wd/hub" />
	<parameter name="remote.port" value="80"></parameter>
	<parameter name="env.resources"
		value="src/main/resources/data/HKDataSIT.properties;src/main/resources/data/TestDataSIT.properties;src/main/resources/data/CoreDataSIT.properties;" />
	<parameter name="scenario.file.loc"
		value="src/main/scenarios/Android;src/main/scenarios/CORE/Android" />


	<test name="MOVE5 Automation Test on Android for VN in UAT" enabled="true">
		<parameter name="target.platform" value="Android" />
		<!--parameter name="env.resources"
			value="src/main/resources/android_sit;src/main/resources/restServices" />-->
		<parameter name="env.resources"
			value="src/main/resources/android;src/main/resources/restServices" />
		<parameter name="driver.capabilities.automationName" value="Appium" />
		<parameter name="driver.capabilities.noReset" value="false" />
		<parameter name="driver.capabilities.platformName" value="Android" />
		<parameter name="driver.capabilities.deviceid" value="CE091719A4A1093503" />
		<parameter name="driver.capabilities.deviceName" value="CE091719A4A1093503" />
		<!--parameter name="driver.capabilities.deviceName" value="83F0493455323432" />-->
		<parameter name="Environment" value="UAT" /> 
		<!--parameter name="Environment" value="SIT" />--> 
		<parameter name="UsingDatabase" value="false" />
		<!--parameter name="driver.applicationName" value="MOVE5 SIT" /> -->  
		<parameter name="driver.applicationName" value="MOVE5 UAT" /> 
		<parameter name="driver.capabilities.appPackage" value="com.manulife.ap.uat.move" />
		<!--parameter name="driver.capabilities.appPackage" value="com.manulife.ap.sit.move" />-->
		<parameter name="driver.capabilities.appActivity"
			value="com.manulife.move5.application.ui.main.MainActivity" />
		<groups>
			<run>					
	 			
	 	 
		   		<include name="@MOV-21124" />
                <include name="@MOV-21126" />
                <include name="@MOV-21085" />
                <include name="@MOV-21088" />
                <include name="@MOV-21258" />
                <include name="@MOV-21260" />
                  <include name="@MOV-21809" /> 
	 <!-- 		<include name="@MOV-20700" />   ## Need to change this one, image upload from phone    -->
			 	<include name="@MOV-20697" /> 
				<include name="@MOV-20820" /> 
				<include name="@MOV-20824" />
				<include name="@MOV-20812" />  
				<include name="@MOV-20810" /> 
				<include name="@MOV-20814" /> 
				<include name="@MOV-20933" />   
 		<!--  		<include name="@MOV-20834" />   ## In progress    -->
				<include name="@MOV-16851" /> 
				<include name="@MOV-16850" /> 
				<include name="@MOV-20923" /> 
				<include name="@MOV-20939" /> 
				<include name="@MOV-20921" /> 
				<include name="@MOV-20949" />
				<include name="@MOV-21120" />  
				<include name="@MOV-21808" /> 
  	<!--  	<include name="@MOV-21053" />  ##in progress   -->
				<include name="@MOV-21054" /> 
				<include name="@MOV-21055" />  
		  		<include name="@MOV-21056" /> 
				<include name="@MOV-21057" />
				<include name="@MOV-21293" />
				<include name="@MOV-21294" /> 
				<include name="@MOV-21295" /> 
				<include name="@MOV-21387" /> 
				<include name="@MOV-21389" />
				<include name="@MOV-21402" />
				<include name="@MOV-21390" />
				<include name="@MOV-20983" />  
       			<include name="@MOV-20987" /> 
       			<include name="@MOV-21122" />   
       			<include name="@MOV-20973" />
                <include name="@MOV-20988" />
                <include name="@MOV-20986" />
                <include name="@MOV-21141" />
       			<include name="@MOV-21391" />     
       			<include name="@MOV-20953" /> 
       			<include name="@MOV-20956" /> 
       			<include name="@MOV-21393" />
       			<include name="@MOV-21398" />
       			<include name="@MOV-21394" />	
       			<include name="@MOV-20958" />
	 			<include name="@MOV-20962" />
	 			<include name="@MOV-21396" /> 
	 			<include name="@MOV-21400" />
	 			<include name="@MOV-21397" /> 
     			
       			 
   		
     <!--  				
				<include name="@MOV-21398" /> 
		 		<include name="@MOV-21394" /> 
		 		<include name="@MOV-21393" /> 
		 		<include name="@MOV-21391" /> 
		 		<include name="@MOV-21390" /> 
		 		<include name="@MOV-21389" /> 
		 		<include name="@MOV-20988" /> 
		 		<include name="@MOV-20987" /> 
		 		
		--> 		
		 	
	
			

			</run>
		</groups>
		<classes>
			<class
				name="com.qmetry.qaf.automation.step.client.gherkin.GherkinScenarioFactory" />
		</classes>
	</test>

</suite>