<!DOCTYPE suite SYSTEM "http://testng.org/testng-1.0.dtd">
<suite name="MOVE5 Hong Kong Automation Test Suite" verbose="0" parallel="tests" preserve-order="true">
    <listeners>
        <listener class-name="com.quantum.listeners.QuantumReportiumListener"/>       
        <listener class-name="com.manulife.ap.listeners.TestCaseStatusListener"/>
       <!--  <listener class-name="com.quantum.listeners.HockeyAppListener"/>  -->   
    </listeners>    
   

    <!-- Hockey App Installation -->
<!--     <parameter name="downloadLatestHockeyApp" value="false" />
    <parameter name="hockeyApp.name" value="Move 5 (iOS SIT)" />
    <parameter name="app.upload.cloud.path" value="PUBLIC:MOVE5/Movesit.ipa" />
    <parameter name="hockeyAppToken" value="c1055e942699489ba82ac8a824b79015" />
    <parameter name="driver.capabilities.app" value="PUBLIC:MOVE5/Movesit.ipa"/> -->
      
    
    <parameter name="driver.name" value="perfectoDriver" />
	<parameter name="remote.server" value="https://manulife-au.perfectomobile.com/nexperience/perfectomobile/wd/hub" />
	<parameter name="remote.port" value="80"/>
	<parameter name="perfecto.capabilities.user" value="asia_move_support@manulife.com" />				    	
	<parameter name="perfecto.capabilities.password" value="asia_move_support" />
	<parameter name="env.resources" value="src/main/resources/data/HKDataSIT.properties;src/main/resources/data/CoreDataSIT.properties" />
	<parameter name="scenario.file.loc" value="src/main/scenarios/CORE/iOS" />	
	
		
	 <test name="MOVE5 HongKong Automation test on iOS" enabled="true" preserve-order="true">        
         <parameter name="target.platform" value="iOS" />
        <parameter name="env.resources" value="src/main/resources/ios;src/main/resources/restServices_sit" />
		<parameter name="driver.capabilities.automationName" value="Appium"/>
        <parameter name="driver.capabilities.noReset" value="false" />
        <parameter name="driver.capabilities.platformName" value="iOS" />        
        <parameter name="driver.capabilities.deviceid" value="0F4387C947FE31D0C4969A100E480C077CAD635F" />
        <parameter name="driver.capabilities.deviceName" value="0F4387C947FE31D0C4969A100E480C077CAD635F" />
        <parameter name="driver.applicationName" value="MOVE SIT" />
        <parameter name="Environment" value="SIT" />
        <parameter name="UsingDatabase" value="false" />
        <parameter name="driver.capabilities.bundleId" value="com.manulife.ap.sit.move" />
 			
        <groups >
            <run>
            
              
               <include name="@MOV-20908"/>
              
                  	            													                                                                                                                  				 				 																								
            </run>
        </groups>
        <classes>
            <class name="com.qmetry.qaf.automation.step.client.gherkin.GherkinScenarioFactory"/>
        </classes>
    </test>    
</suite>