<!DOCTYPE suite SYSTEM "http://testng.org/testng-1.0.dtd">
<suite name="WebServices Demo Suite" verbose="0" parallel="none">
	<listeners>
		<listener class-name="com.quantum.listerners.QuantumReportiumListener" />
	</listeners>

	<test name="Web Service Example" enabled="true">
		<!--  <parameter name="scenario.file.loc" value="src/main/resources/scenarios" /> -->
		<parameter name="env.resources" value="src/main/resources/android;src/main/resources/restServices" />
		<parameter name="Environment" value="SIT" />
		<groups>
			<run>
			    <!-- TODO: Change the TagName to something in your Steps -->
				<include name="@MOV-007" />
			</run>
		</groups>
		<classes>
			<class
				name="com.qmetry.qaf.automation.step.client.gherkin.GherkinScenarioFactory" ></class>
		</classes>
	</test>
</suite>