<!DOCTYPE suite SYSTEM "http://testng.org/testng-1.0.dtd">

<suite name="Yahoo App Test Automation Suite" verbose="1" >
    <test name="Yahoo App Test" >

        <parameter name="url" value="https://login.yahoo.com"/>
        <parameter name="emailId" value="manish.bhagat@citi.com"/>


        <classes>
            <class name="TestNG.ParameterTest">
            <methods>
                <include name="yahooLoginTest" />
                <exclude name="yahooLoginTest1" />
            </methods>
            </class>
            <class name="TestNG.GoogleTest" />
        </classes>
    </test>


</suite>
